{"DrawFPS":true,"TargetHUDEnabled":false,"ArrayListInfo":{"Position":{"Y":{"Scale":0.5,"Offset":-459},"X":{"Scale":0.5,"Offset":692}}},"DrawWatermark":false,"WatermarkLine":false,"DrawPing":true,"ColorTheme":{"H":0.458333333333205,"S":1,"V":0},"TargetHUD":{"Position":{"Y":{"Scale":0.5,"Offset":-196},"X":{"Scale":0.5,"Offset":-710}}},"WatermarkBackground":false,"AllowNotifications":true,"ListLines":false,"GuiKeybind":"RightShift","RainbowSpeed":50,"ArrayList":false,"ClickSounds":true,"HUDEnabled":true,"TextSize":12,"Font":"GothamMedium","ListBackground":false,"DrawCoords":true,"DrawSpeed":true,"HUDElements":{"Position":{"Y":{"Scale":0.5,"Offset":414},"X":{"Scale":0.5,"Offset":756}}},"Rendering":"Up","Rainbow":false}