{"HighJumpOptionsButton":{"Enabled":false,"Window":"MovementWindow","Type":"OptionsButton"},"GravityOptionsButton":{"Enabled":false,"Window":"WorldWindow","Type":"OptionsButton"},"FlightOptionsButtonGlideSlider":{"Value":0,"Window":"MovementWindow","Type":"Slider","OptionsButton":"FlightOptionsButton"},"BreadcrumbsOptionsButtonTimeoutSlider":{"Value":5,"Window":"RenderWindow","Type":"Slider","OptionsButton":"BreadcrumbsOptionsButton"},"ChamsOptionsButtonSelfToggle":{"Enabled":false,"Window":"RenderWindow","Type":"Toggle","OptionsButton":"ChamsOptionsButton"},"ChamsOptionsButtonWallCheckToggle":{"Enabled":false,"Window":"RenderWindow","Type":"Toggle","OptionsButton":"ChamsOptionsButton"},"HighJumpOptionsButtonModeSelector":{"Value":"TP","Window":"MovementWindow","Type":"Selector","OptionsButton":"HighJumpOptionsButton"},"AntiAFKOptionsButton":{"Enabled":false,"Window":"MiscellaneousWindow","Type":"OptionsButton"},"AutoReconnectOptionsButtonDelay (s)Slider":{"Value":0,"Window":"MiscellaneousWindow","Type":"Slider","OptionsButton":"AutoReconnectOptionsButton"},"FastFallOptionsButtonTicksSlider":{"Value":1,"Window":"MovementWindow","Type":"Slider","OptionsButton":"FastFallOptionsButton"},"StepOptionsButtonSpeedSlider":{"Value":30,"Window":"MovementWindow","Type":"Slider","OptionsButton":"StepOptionsButton"},"StepOptionsButton":{"Enabled":false,"Window":"MovementWindow","Type":"OptionsButton"},"AutoQueueOptionsButtonSelector":{"Value":"Lucky Block (30v30)","Window":"MiscellaneousWindow","Type":"Selector","OptionsButton":"AutoQueueOptionsButton"},"AntiAimOptionsButton":{"Enabled":false,"Window":"MiscellaneousWindow","Type":"OptionsButton"},"ESPOptionsButtonNamesToggle":{"Enabled":false,"Window":"RenderWindow","Type":"Toggle","OptionsButton":"ESPOptionsButton"},"ChamsOptionsButtonOutlineToggle":{"Enabled":false,"Window":"RenderWindow","Type":"Toggle","OptionsButton":"ChamsOptionsButton"},"ChamsOptionsButton":{"Enabled":false,"Window":"RenderWindow","Type":"OptionsButton"},"FlightOptionsButtonModeSelector":{"Value":"Velo","Window":"MovementWindow","Type":"Selector","OptionsButton":"FlightOptionsButton"},"ClickTPOptionsButton":{"Enabled":false,"Window":"ExploitsWindow","Type":"OptionsButton"},"NameProtectOptionsButtonStopFreezeToggle":{"Enabled":false,"Window":"RenderWindow","Type":"Toggle","OptionsButton":"NameProtectOptionsButton"},"LongJumpOptionsButton":{"Enabled":false,"Window":"MovementWindow","Type":"OptionsButton"},"SmoothAimOptionsButtonHeldSelector":{"Value":"LMB","Window":"CombatWindow","Type":"Selector","OptionsButton":"SmoothAimOptionsButton"},"ESPOptionsButtonUseDisplayNamesToggle":{"Enabled":false,"Window":"RenderWindow","Type":"Toggle","OptionsButton":"ESPOptionsButton"},"ChamsOptionsButtonTeamCheckToggle":{"Enabled":true,"Window":"RenderWindow","Type":"Toggle","OptionsButton":"ChamsOptionsButton"},"BreadcrumbsOptionsButton":{"Enabled":false,"Window":"RenderWindow","Type":"OptionsButton"},"FOVOptionsButtonFOVSlider":{"Value":120,"Window":"RenderWindow","Type":"Slider","OptionsButton":"FOVOptionsButton"},"FlightOptionsButtonSpeedSlider":{"Value":1,"Window":"MovementWindow","Type":"Slider","OptionsButton":"FlightOptionsButton"},"SpeedOptionsButtonSpeedSlider":{"Value":1,"Window":"MovementWindow","Type":"Slider","OptionsButton":"SpeedOptionsButton"},"SpammerOptionsButtonDelay (s)Slider":{"Value":0,"Window":"MiscellaneousWindow","Type":"Slider","OptionsButton":"SpammerOptionsButton"},"AutoReconnectOptionsButton":{"Enabled":false,"Window":"MiscellaneousWindow","Type":"OptionsButton"},"NametagsOptionsButton":{"Enabled":false,"Window":"RenderWindow","Type":"OptionsButton"},"AutoWalkOptionsButton":{"Enabled":false,"Window":"MovementWindow","Type":"OptionsButton"},"ESPOptionsButtonHealthToggle":{"Enabled":false,"Window":"RenderWindow","Type":"Toggle","OptionsButton":"ESPOptionsButton"},"WallhackOptionsButton":{"Enabled":false,"Window":"WorldWindow","Type":"OptionsButton"},"SmoothAimOptionsButtonSmoothnessSlider":{"Value":1,"Window":"CombatWindow","Type":"Slider","OptionsButton":"SmoothAimOptionsButton"},"SpammerOptionsButtonfile.txtTextbox":{"Value":"","Window":"MiscellaneousWindow","Type":"Textbox","OptionsButton":"SpammerOptionsButton"},"SneakOptionsButton":{"Enabled":false,"Window":"MovementWindow","Type":"OptionsButton"},"AutoReportOptionsButton":{"Enabled":false,"Window":"MiscellaneousWindow","Type":"OptionsButton"},"TimerOptionsButtonSpeedSlider":{"Value":10,"Window":"MiscellaneousWindow","Type":"Slider","OptionsButton":"TimerOptionsButton"},"SpammerOptionsButton":{"Enabled":false,"Window":"MiscellaneousWindow","Type":"OptionsButton"},"FakeLagOptionsButtonRecievingToggle":{"Enabled":false,"Window":"ExploitsWindow","Type":"Toggle","OptionsButton":"FakeLagOptionsButton"},"NoRenderOptionsButton":{"Enabled":false,"Window":"RenderWindow","Type":"OptionsButton"},"FastFallOptionsButton":{"Enabled":false,"Window":"MovementWindow","Type":"OptionsButton"},"FakeLagOptionsButtonSendingToggle":{"Enabled":false,"Window":"ExploitsWindow","Type":"Toggle","OptionsButton":"FakeLagOptionsButton"},"ViewClipOptionsButton":{"Enabled":false,"Window":"RenderWindow","Type":"OptionsButton"},"PhaseOptionsButtonModeSelector":{"Value":"Normal","Window":"ExploitsWindow","Type":"Selector","OptionsButton":"PhaseOptionsButton"},"SpeedOptionsButton":{"Enabled":false,"Window":"MovementWindow","Type":"OptionsButton"},"ChamsOptionsButtonTransparencySlider":{"Value":0,"Window":"RenderWindow","Type":"Slider","OptionsButton":"ChamsOptionsButton"},"NametagsOptionsButtonScaleSlider":{"Value":1,"Window":"RenderWindow","Type":"Slider","OptionsButton":"NametagsOptionsButton"},"SmoothAimOptionsButton":{"Enabled":false,"Window":"CombatWindow","Type":"OptionsButton"},"TimerOptionsButton":{"Enabled":false,"Window":"MiscellaneousWindow","Type":"OptionsButton"},"SearchOptionsButton":{"Enabled":false,"Window":"RenderWindow","Type":"OptionsButton"},"NameProtectOptionsButton":{"Enabled":false,"Window":"RenderWindow","Type":"OptionsButton"},"NametagsOptionsButtonHealthToggle":{"Enabled":false,"Window":"RenderWindow","Type":"Toggle","OptionsButton":"NametagsOptionsButton"},"PhaseOptionsButton":{"Enabled":false,"Window":"ExploitsWindow","Type":"OptionsButton"},"WallhackOptionsButtonOpacitySlider":{"Value":0,"Window":"WorldWindow","Type":"Slider","OptionsButton":"WallhackOptionsButton"},"SmoothAimOptionsButtonPartSelector":{"Value":"Root","Window":"CombatWindow","Type":"Selector","OptionsButton":"SmoothAimOptionsButton"},"FlightOptionsButton":{"Enabled":false,"Window":"MovementWindow","Type":"OptionsButton"},"ESPOptionsButton":{"Enabled":false,"Window":"RenderWindow","Type":"OptionsButton"},"MiddleClickOptionsButton":{"Enabled":false,"Window":"MiscellaneousWindow","Type":"OptionsButton"},"NoRenderOptionsButtonEffectsToggle":{"Enabled":false,"Window":"RenderWindow","Type":"Toggle","OptionsButton":"NoRenderOptionsButton"},"AutoQueueOptionsButton":{"Enabled":false,"Window":"MiscellaneousWindow","Type":"OptionsButton"},"FlightOptionsButtonVSpeedSlider":{"Value":1,"Window":"MovementWindow","Type":"Slider","OptionsButton":"FlightOptionsButton"},"CameraFixOptionsButton":{"Enabled":false,"Window":"RenderWindow","Type":"OptionsButton"},"FakeLagOptionsButton":{"Enabled":false,"Window":"ExploitsWindow","Type":"OptionsButton"},"AntiAimOptionsButtonSpeedSlider":{"Value":1,"Window":"MiscellaneousWindow","Type":"Slider","OptionsButton":"AntiAimOptionsButton"},"HighJumpOptionsButtonHeightSlider":{"Value":25,"Window":"MovementWindow","Type":"Slider","OptionsButton":"HighJumpOptionsButton"},"FOVOptionsButton":{"Enabled":false,"Window":"RenderWindow","Type":"OptionsButton"},"BreadcrumbsOptionsButtonModeSelector":{"Value":"Ball","Window":"RenderWindow","Type":"Selector","OptionsButton":"BreadcrumbsOptionsButton"},"FastFallOptionsButtonFallHeightSlider":{"Value":7,"Window":"MovementWindow","Type":"Slider","OptionsButton":"FastFallOptionsButton"},"GravityOptionsButtonIntensitySlider":{"Value":192,"Window":"WorldWindow","Type":"Slider","OptionsButton":"GravityOptionsButton"},"FlightOptionsButtonVBindSelector":{"Value":"LShift","Window":"MovementWindow","Type":"Selector","OptionsButton":"FlightOptionsButton"},"BreadcrumbsOptionsButtonTransparencySlider":{"Value":0,"Window":"RenderWindow","Type":"Slider","OptionsButton":"BreadcrumbsOptionsButton"},"LongJumpOptionsButtonPowerSlider":{"Value":2,"Window":"MovementWindow","Type":"Slider","OptionsButton":"LongJumpOptionsButton"},"SmoothAimOptionsButtonFOVSlider":{"Value":1,"Window":"CombatWindow","Type":"Slider","OptionsButton":"SmoothAimOptionsButton"},"FlightOptionsButtonVerticalToggle":{"Enabled":false,"Window":"MovementWindow","Type":"Toggle","OptionsButton":"FlightOptionsButton"},"LongJumpOptionsButtonModeSelector":{"Value":"Normal","Window":"MovementWindow","Type":"Selector","OptionsButton":"LongJumpOptionsButton"}}