{"ChamsOptionsButtonWallCheckToggle":{"Enabled":false,"Window":"RenderWindow","Type":"Toggle","OptionsButton":"ChamsOptionsButton"},"StepOptionsButtonSpeedSlider":{"Value":45,"Window":"MovementWindow","Type":"Slider","OptionsButton":"StepOptionsButton"},"StepOptionsButton":{"Enabled":false,"Window":"MovementWindow","Type":"OptionsButton"},"FPSCrashShieldOptionsButton":{"Enabled":false,"Window":"ExploitsWindow","Type":"OptionsButton"},"SpeedOptionsButtonHopToggle":{"Enabled":false,"Window":"MovementWindow","Type":"Toggle","OptionsButton":"SpeedOptionsButton"},"ViewModelOptionsButtonColoredToggle":{"Enabled":false,"Window":"RenderWindow","Type":"Toggle","OptionsButton":"ViewModelOptionsButton"},"AutoBuyOptionsButtonArmorToggle":{"Enabled":true,"Window":"MiscellaneousWindow","Type":"Toggle","OptionsButton":"AutoBuyOptionsButton"},"FlightOptionsButtonSpeedSlider":{"Value":111.3,"Window":"MovementWindow","Type":"Slider","OptionsButton":"FlightOptionsButton"},"HighJumpOptionsButtonPowerSlider":{"Value":5,"Window":"MovementWindow","Type":"Slider","OptionsButton":"HighJumpOptionsButton"},"ShopDisplayAllOptionsButton":{"Enabled":false,"Window":"ExploitsWindow","Type":"OptionsButton"},"ReachOptionsButton":{"Enabled":true,"Window":"ExploitsWindow","Type":"OptionsButton"},"WallhackOptionsButtonOpacitySlider":{"Value":0,"Window":"WorldWindow","Type":"Slider","OptionsButton":"WallhackOptionsButton"},"PhaseOptionsButton":{"Enabled":false,"Window":"ExploitsWindow","Type":"OptionsButton"},"NameProtectOptionsButtonStopFreezeToggle":{"Enabled":true,"Window":"RenderWindow","Type":"Toggle","OptionsButton":"NameProtectOptionsButton"},"NoFallOptionsButton":{"Enabled":false,"Window":"MovementWindow","Type":"OptionsButton"},"LongJumpOptionsButton":{"Enabled":false,"Window":"MovementWindow","Type":"OptionsButton","Keybind":"C"},"PhaseOptionsButtonModeSelector":{"Value":"Normal","Window":"ExploitsWindow","Type":"Selector","OptionsButton":"PhaseOptionsButton"},"AutoBuyOptionsButtonPickaxesToggle":{"Enabled":false,"Window":"MiscellaneousWindow","Type":"Toggle","OptionsButton":"AutoBuyOptionsButton"},"ViewModelOptionsButtonXSlider":{"Value":0,"Window":"RenderWindow","Type":"Slider","OptionsButton":"ViewModelOptionsButton"},"SmoothAimOptionsButtonPartSelector":{"Value":"Root","Window":"CombatWindow","Type":"Selector","OptionsButton":"SmoothAimOptionsButton"},"AutoToxicOptionsButtonBedTextbox":{"Value":"i broke ur bed <team>","Window":"MiscellaneousWindow","Type":"Textbox","OptionsButton":"AutoToxicOptionsButton"},"MiddleClickOptionsButtonAntiMarkerToggle":{"Enabled":true,"Window":"MiscellaneousWindow","Type":"Toggle","OptionsButton":"MiddleClickOptionsButton"},"NametagsOptionsButtonArmorToggle":{"Enabled":false,"Window":"RenderWindow","Type":"Toggle","OptionsButton":"NametagsOptionsButton"},"FastUseOptionsButtonTicksSlider":{"Value":0,"Window":"ExploitsWindow","Type":"Slider","OptionsButton":"FastUseOptionsButton"},"AutoReconnectOptionsButtonDelay (s)Slider":{"Value":0,"Window":"MiscellaneousWindow","Type":"Slider","OptionsButton":"AutoReconnectOptionsButton"},"HighJumpOptionsButtonModeSelector":{"Value":"TP","Window":"MovementWindow","Type":"Selector","OptionsButton":"HighJumpOptionsButton"},"AntiAFKOptionsButton":{"Enabled":false,"Window":"MiscellaneousWindow","Type":"OptionsButton"},"AutoLeaveOptionsButtonEndSelector":{"Value":"Requeue","Window":"MiscellaneousWindow","Type":"Selector","OptionsButton":"AutoLeaveOptionsButton"},"BreadcrumbsOptionsButtonTimeoutSlider":{"Value":0,"Window":"RenderWindow","Type":"Slider","OptionsButton":"BreadcrumbsOptionsButton"},"FlightOptionsButtonGlideSlider":{"Value":0,"Window":"MovementWindow","Type":"Slider","OptionsButton":"FlightOptionsButton"},"AutoBuyOptionsButtonAxesToggle":{"Enabled":false,"Window":"MiscellaneousWindow","Type":"Toggle","OptionsButton":"AutoBuyOptionsButton"},"FuckerOptionsButtonLuckyBlocksToggle":{"Enabled":true,"Window":"WorldWindow","Type":"Toggle","OptionsButton":"FuckerOptionsButton"},"FuckerOptionsButton":{"Enabled":false,"Window":"WorldWindow","Type":"OptionsButton"},"AutoToxicOptionsButtonReplyTextbox":{"Value":"cope <plr>","Window":"MiscellaneousWindow","Type":"Textbox","OptionsButton":"AutoToxicOptionsButton"},"NameProtectOptionsButton":{"Enabled":false,"Window":"RenderWindow","Type":"OptionsButton"},"AuraOptionsButtonAnimSelector":{"Value":"Normal","Window":"CombatWindow","Type":"Selector","OptionsButton":"AuraOptionsButton"},"AuraOptionsButtonRangeSlider":{"Value":18,"Window":"CombatWindow","Type":"Slider","OptionsButton":"AuraOptionsButton"},"ViewModelOptionsButtonYSlider":{"Value":0,"Window":"RenderWindow","Type":"Slider","OptionsButton":"ViewModelOptionsButton"},"ViewModelOptionsButtonXRotSlider":{"Value":0,"Window":"RenderWindow","Type":"Slider","OptionsButton":"ViewModelOptionsButton"},"StepOptionsButtonXZDivisionSlider":{"Value":5,"Window":"MovementWindow","Type":"Slider","OptionsButton":"StepOptionsButton"},"SneakOptionsButton":{"Enabled":false,"Window":"MovementWindow","Type":"OptionsButton"},"FakeLagOptionsButtonRecievingToggle":{"Enabled":true,"Window":"ExploitsWindow","Type":"Toggle","OptionsButton":"FakeLagOptionsButton"},"NoRenderOptionsButton":{"Enabled":false,"Window":"RenderWindow","Type":"OptionsButton"},"FastFallOptionsButton":{"Enabled":false,"Window":"MovementWindow","Type":"OptionsButton"},"AutoBuyOptionsButtonWoolCapSlider":{"Value":16,"Window":"MiscellaneousWindow","Type":"Slider","OptionsButton":"AutoBuyOptionsButton"},"ChamsOptionsButtonTransparencySlider":{"Value":0,"Window":"RenderWindow","Type":"Slider","OptionsButton":"ChamsOptionsButton"},"TimerOptionsButtonSpeedSlider":{"Value":1,"Window":"MiscellaneousWindow","Type":"Slider","OptionsButton":"TimerOptionsButton"},"NametagsOptionsButtonScaleSlider":{"Value":1,"Window":"RenderWindow","Type":"Slider","OptionsButton":"NametagsOptionsButton"},"AutoBuyOptionsButtonSwordsToggle":{"Enabled":true,"Window":"MiscellaneousWindow","Type":"Toggle","OptionsButton":"AutoBuyOptionsButton"},"WallhackOptionsButton":{"Enabled":true,"Window":"WorldWindow","Type":"OptionsButton"},"SmoothAimOptionsButtonSmoothnessSlider":{"Value":1,"Window":"CombatWindow","Type":"Slider","OptionsButton":"SmoothAimOptionsButton"},"LongJumpOptionsButtonPowerSlider":{"Value":2,"Window":"MovementWindow","Type":"Slider","OptionsButton":"LongJumpOptionsButton"},"AutoBuyOptionsButton":{"Enabled":false,"Window":"MiscellaneousWindow","Type":"OptionsButton"},"BedESPOptionsButton":{"Enabled":false,"Window":"RenderWindow","Type":"OptionsButton"},"ChamsOptionsButtonOutlineToggle":{"Enabled":false,"Window":"RenderWindow","Type":"Toggle","OptionsButton":"ChamsOptionsButton"},"ESPOptionsButtonNamesToggle":{"Enabled":false,"Window":"RenderWindow","Type":"Toggle","OptionsButton":"ESPOptionsButton"},"AutoReconnectOptionsButton":{"Enabled":true,"Window":"MiscellaneousWindow","Type":"OptionsButton"},"ScaffoldOptionsButton":{"Enabled":false,"Window":"WorldWindow","Type":"OptionsButton"},"NametagsOptionsButton":{"Enabled":false,"Window":"RenderWindow","Type":"OptionsButton"},"MiddleClickOptionsButtonPearlToggle":{"Enabled":true,"Window":"MiscellaneousWindow","Type":"Toggle","OptionsButton":"MiddleClickOptionsButton"},"FlightOptionsButtonModeSelector":{"Value":"Velo","Window":"MovementWindow","Type":"Selector","OptionsButton":"FlightOptionsButton"},"ChamsOptionsButton":{"Enabled":false,"Window":"RenderWindow","Type":"OptionsButton"},"SpeedOptionsButtonSpeedSlider":{"Value":45,"Window":"MovementWindow","Type":"Slider","OptionsButton":"SpeedOptionsButton"},"SearchOptionsButton":{"Enabled":false,"Window":"RenderWindow","Type":"OptionsButton"},"FlightOptionsButtonVBindSelector":{"Value":"LShift","Window":"MovementWindow","Type":"Selector","OptionsButton":"FlightOptionsButton"},"NoClickDelayOptionsButton":{"Enabled":false,"Window":"CombatWindow","Type":"OptionsButton"},"GravityOptionsButton":{"Enabled":false,"Window":"WorldWindow","Type":"OptionsButton"},"AntiAimOptionsButton":{"Enabled":false,"Window":"MiscellaneousWindow","Type":"OptionsButton"},"FastUseOptionsButton":{"Enabled":false,"Window":"ExploitsWindow","Type":"OptionsButton"},"FuckerOptionsButtonBedsToggle":{"Enabled":true,"Window":"WorldWindow","Type":"Toggle","OptionsButton":"FuckerOptionsButton"},"SprintOptionsButton":{"Enabled":true,"Window":"MovementWindow","Type":"OptionsButton"},"AutoLeaveOptionsButton":{"Enabled":true,"Window":"MiscellaneousWindow","Type":"OptionsButton"},"AutoToxicOptionsButtonDeathTextbox":{"Value":"my finger slipped.","Window":"MiscellaneousWindow","Type":"Textbox","OptionsButton":"AutoToxicOptionsButton"},"NametagsOptionsButtonItemNameToggle":{"Enabled":false,"Window":"RenderWindow","Type":"Toggle","OptionsButton":"NametagsOptionsButton"},"ChestStealerOptionsButtonDistanceSlider":{"Value":18,"Window":"MiscellaneousWindow","Type":"Slider","OptionsButton":"ChestStealerOptionsButton"},"ViewModelOptionsButtonXScaleSlider":{"Value":0,"Window":"RenderWindow","Type":"Slider","OptionsButton":"ViewModelOptionsButton"},"ChamsOptionsButtonTeamCheckToggle":{"Enabled":true,"Window":"RenderWindow","Type":"Toggle","OptionsButton":"ChamsOptionsButton"},"SpammerOptionsButtonDelay (s)Slider":{"Value":0,"Window":"MiscellaneousWindow","Type":"Slider","OptionsButton":"SpammerOptionsButton"},"HUDOptionsButtonSessionInfoToggle":{"Enabled":false,"Window":"OtherWindow","Type":"Toggle","OptionsButton":"HUDOptionsButton"},"LongJumpOptionsButtonSpeedSlider":{"Value":44,"Window":"MovementWindow","Type":"Slider","OptionsButton":"LongJumpOptionsButton"},"BreadcrumbsOptionsButton":{"Enabled":false,"Window":"RenderWindow","Type":"OptionsButton"},"ViewModelOptionsButtonYRotSlider":{"Value":0,"Window":"RenderWindow","Type":"Slider","OptionsButton":"ViewModelOptionsButton"},"ViewModelOptionsButton":{"Enabled":false,"Window":"RenderWindow","Type":"OptionsButton"},"AutoWalkOptionsButton":{"Enabled":false,"Window":"MovementWindow","Type":"OptionsButton"},"ESPOptionsButtonHealthToggle":{"Enabled":false,"Window":"RenderWindow","Type":"Toggle","OptionsButton":"ESPOptionsButton"},"AutoBuyOptionsButtonTeamUpgradesToggle":{"Enabled":false,"Window":"MiscellaneousWindow","Type":"Toggle","OptionsButton":"AutoBuyOptionsButton"},"HighJumpOptionsButtonDurationSlider":{"Value":50,"Window":"MovementWindow","Type":"Slider","OptionsButton":"HighJumpOptionsButton"},"SpammerOptionsButtonfile.txtTextbox":{"Value":"","Window":"MiscellaneousWindow","Type":"Textbox","OptionsButton":"SpammerOptionsButton"},"ViewModelOptionsButtonZSlider":{"Value":0,"Window":"RenderWindow","Type":"Slider","OptionsButton":"ViewModelOptionsButton"},"LongJumpOptionsButtonModeSelector":{"Value":"Normal","Window":"MovementWindow","Type":"Selector","OptionsButton":"LongJumpOptionsButton"},"FlightOptionsButton":{"Enabled":false,"Window":"MovementWindow","Type":"OptionsButton","Keybind":"F"},"ViewClipOptionsButton":{"Enabled":false,"Window":"RenderWindow","Type":"OptionsButton"},"FakeLagOptionsButtonSendingToggle":{"Enabled":true,"Window":"ExploitsWindow","Type":"Toggle","OptionsButton":"FakeLagOptionsButton"},"AutoBuyOptionsButtonWoolToggle":{"Enabled":true,"Window":"MiscellaneousWindow","Type":"Toggle","OptionsButton":"AutoBuyOptionsButton"},"AutoToxicOptionsButton":{"Enabled":false,"Window":"MiscellaneousWindow","Type":"OptionsButton"},"ChamsOptionsButtonSelfToggle":{"Enabled":false,"Window":"RenderWindow","Type":"Toggle","OptionsButton":"ChamsOptionsButton"},"AutoToxicOptionsButtonKillTextbox":{"Value":"get pwned <plr>","Window":"MiscellaneousWindow","Type":"Textbox","OptionsButton":"AutoToxicOptionsButton"},"VelocityOptionsButtonHorizontalSlider":{"Value":0,"Window":"MovementWindow","Type":"Slider","OptionsButton":"VelocityOptionsButton"},"ViewModelOptionsButtonZScaleSlider":{"Value":0,"Window":"RenderWindow","Type":"Slider","OptionsButton":"ViewModelOptionsButton"},"SmoothAimOptionsButtonFOVSlider":{"Value":1,"Window":"CombatWindow","Type":"Slider","OptionsButton":"SmoothAimOptionsButton"},"SpeedOptionsButton":{"Enabled":false,"Window":"MovementWindow","Type":"OptionsButton"},"FOVOptionsButton":{"Enabled":false,"Window":"RenderWindow","Type":"OptionsButton"},"NoNametagOptionsButton":{"Enabled":false,"Window":"RenderWindow","Type":"OptionsButton"},"GravityOptionsButtonIntensitySlider":{"Value":192,"Window":"WorldWindow","Type":"Slider","OptionsButton":"GravityOptionsButton"},"AutoLeaveOptionsButtonStaffSelector":{"Value":"Lobby","Window":"MiscellaneousWindow","Type":"Selector","OptionsButton":"AutoLeaveOptionsButton"},"ReachOptionsButtonHitboxAddSlider":{"Value":2,"Window":"ExploitsWindow","Type":"Slider","OptionsButton":"ReachOptionsButton"},"FakeLagOptionsButton":{"Enabled":false,"Window":"ExploitsWindow","Type":"OptionsButton"},"BreadcrumbsOptionsButtonTransparencySlider":{"Value":0,"Window":"RenderWindow","Type":"Slider","OptionsButton":"BreadcrumbsOptionsButton"},"SmoothAimOptionsButton":{"Enabled":false,"Window":"CombatWindow","Type":"OptionsButton"},"FOVOptionsButtonFOVSlider":{"Value":120,"Window":"RenderWindow","Type":"Slider","OptionsButton":"FOVOptionsButton"},"NametagsOptionsButtonHealthToggle":{"Enabled":false,"Window":"RenderWindow","Type":"Toggle","OptionsButton":"NametagsOptionsButton"},"ESPOptionsButtonUseDisplayNamesToggle":{"Enabled":false,"Window":"RenderWindow","Type":"Toggle","OptionsButton":"ESPOptionsButton"},"VelocityOptionsButton":{"Enabled":true,"Window":"MovementWindow","Type":"OptionsButton"},"AutoReportOptionsButton":{"Enabled":true,"Window":"MiscellaneousWindow","Type":"OptionsButton"},"EggWarsOptionsButton":{"Enabled":false,"Window":"RenderWindow","Type":"OptionsButton"},"ESPOptionsButton":{"Enabled":false,"Window":"RenderWindow","Type":"OptionsButton"},"AntiAimOptionsButtonSpeedSlider":{"Value":1,"Window":"MiscellaneousWindow","Type":"Slider","OptionsButton":"AntiAimOptionsButton"},"ViewModelOptionsButtonYScaleSlider":{"Value":0,"Window":"RenderWindow","Type":"Slider","OptionsButton":"ViewModelOptionsButton"},"AvoidOptionsButton":{"Enabled":false,"Window":"WorldWindow","Type":"OptionsButton"},"AuraOptionsButton":{"Enabled":false,"Window":"CombatWindow","Type":"OptionsButton"},"FastFallOptionsButtonTicksSlider":{"Value":2,"Window":"MovementWindow","Type":"Slider","OptionsButton":"FastFallOptionsButton"},"VelocityOptionsButtonVerticalSlider":{"Value":0,"Window":"MovementWindow","Type":"Slider","OptionsButton":"VelocityOptionsButton"},"SmoothAimOptionsButtonHeldSelector":{"Value":"LMB","Window":"CombatWindow","Type":"Selector","OptionsButton":"SmoothAimOptionsButton"},"TimerOptionsButton":{"Enabled":false,"Window":"MiscellaneousWindow","Type":"OptionsButton"},"MiddleClickOptionsButton":{"Enabled":false,"Window":"MiscellaneousWindow","Type":"OptionsButton"},"NoRenderOptionsButtonEffectsToggle":{"Enabled":true,"Window":"RenderWindow","Type":"Toggle","OptionsButton":"NoRenderOptionsButton"},"ViewModelOptionsButtonZRotSlider":{"Value":0,"Window":"RenderWindow","Type":"Slider","OptionsButton":"ViewModelOptionsButton"},"FlightOptionsButtonVSpeedSlider":{"Value":74,"Window":"MovementWindow","Type":"Slider","OptionsButton":"FlightOptionsButton"},"CameraFixOptionsButton":{"Enabled":false,"Window":"RenderWindow","Type":"OptionsButton"},"MiddleClickOptionsButtonFriendToggle":{"Enabled":true,"Window":"MiscellaneousWindow","Type":"Toggle","OptionsButton":"MiddleClickOptionsButton"},"SpammerOptionsButton":{"Enabled":false,"Window":"MiscellaneousWindow","Type":"OptionsButton"},"HighJumpOptionsButtonHeightSlider":{"Value":25,"Window":"MovementWindow","Type":"Slider","OptionsButton":"HighJumpOptionsButton"},"BreadcrumbsOptionsButtonModeSelector":{"Value":"Line","Window":"RenderWindow","Type":"Selector","OptionsButton":"BreadcrumbsOptionsButton"},"FastFallOptionsButtonFallHeightSlider":{"Value":4.6,"Window":"MovementWindow","Type":"Slider","OptionsButton":"FastFallOptionsButton"},"HighJumpOptionsButton":{"Enabled":false,"Window":"MovementWindow","Type":"OptionsButton"},"LongJumpOptionsButtonBypassDistSlider":{"Value":4,"Window":"MovementWindow","Type":"Slider","OptionsButton":"LongJumpOptionsButton"},"LongJumpOptionsButtonDurationSlider":{"Value":3,"Window":"MovementWindow","Type":"Slider","OptionsButton":"LongJumpOptionsButton"},"ChestStealerOptionsButton":{"Enabled":false,"Window":"MiscellaneousWindow","Type":"OptionsButton"},"FlightOptionsButtonVerticalToggle":{"Enabled":true,"Window":"MovementWindow","Type":"Toggle","OptionsButton":"FlightOptionsButton"},"ClickTPOptionsButton":{"Enabled":false,"Window":"ExploitsWindow","Type":"OptionsButton"}}